{
  "coord": {
    "lon": -75.6901,
    "lat": 45.4209
  },
  "weather": [
    {
      "id": 711,
      "main": "Smoke",
      "description": "smoke",
      "icon": "50d"
    }
  ],
  "base": "stations",
  "main": {
    "temp": 21.73,
    "feels_like": 21.24,
    "temp_min": 20.3,
    "temp_max": 23.12,
    "pressure": 1012,
    "humidity": 49
  },
  "visibility": 9656,
  "wind": {
    "speed": 3.09,
    "deg": 280
  },
  "clouds": {
    "all": 100
  },
  "dt": 1685993185,
  "sys": {
    "type": 2,
    "id": 2005537,
    "country": "CA",
    "sunrise": 1685956565,
    "sunset": 1686012400
  },
  "timezone": -14400,
  "id": 7626289,
  "name": "ByWard Market",
  "cod": 200
}
